audio_url,agent_name,call_id
https://storage.example.com/calls/call-001.mp3,John Smith,CALL-2026-001
https://storage.example.com/calls/call-002.mp3,Sarah Johnson,CALL-2026-002
https://storage.example.com/calls/call-003.mp3,Mike Williams,CALL-2026-003
https://storage.example.com/calls/call-004.mp3,Emily Davis,CALL-2026-004
https://storage.example.com/calls/call-005.mp3,Chris Brown,CALL-2026-005
https://storage.example.com/calls/call-006.mp3,Amanda Miller,CALL-2026-006
https://storage.example.com/calls/call-007.mp3,David Wilson,CALL-2026-007
https://storage.example.com/calls/call-008.mp3,Jessica Taylor,CALL-2026-008
https://storage.example.com/calls/call-009.mp3,Daniel Anderson,CALL-2026-009
https://storage.example.com/calls/call-010.mp3,Rachel Thomas,CALL-2026-010
